poste,Location,date publication,delai,genre,lien_publication,Entreprise
"
                                    Consultant Expérimenté Audit", et Reporting ESG F/H | Casablanca (Maroc)                                ,14/04/2023,10/05/2023,CDI,https://www.rekrute.com/offre-emploi-consultant-experimente-audit-et-reporting-esg-fh-recrutement-deloitte-extended-services-casablanca-147475.html,
"
                                    Network & Securit",y Engineer (1 an d'expérience) | Casablanca (Maroc)                                ,14/04/2023,03/06/2023,CDI,https://www.rekrute.com/offre-emploi-network-security-engineer-1-an-dexperience-recrutement-leyton-casablanca-148014.html,
"
                                    Operations Manager of it", Solutions | Rabat (Maroc)                                ,13/04/2023,21/04/2023,CDI,https://www.rekrute.com/offre-emploi-operations-manager-of-it-solutions-recrutement-webhelp-maroc-rabat-147314.html,
"
                                    Technicien en Electricit",é | Salé (Technopolis) (Maroc)                                ,12/04/2023,14/05/2023,CDI,https://www.rekrute.com/offre-emploi-technicien-en-electricite-recrutement-novec-sale-technopolis-148071.html,
"
                                    Chargé(e) de Marketing Digit",al / Traffic Management | Casablanca (Maroc)                                ,12/04/2023,06/05/2023,CDI,https://www.rekrute.com/offre-emploi-chargee-de-marketing-digital-traffic-management-recrutement-attijariwafa-bank-casablanca-147801.html,
"
                                    Manager de Rayon Trait",eur | Tanger (Maroc)                                ,12/04/2023,29/05/2023,CDI,https://www.rekrute.com/offre-emploi-manager-de-rayon-traiteur-recrutement-groupe-labelvie---carrefour-tanger-148712.html,
"
                                    Archit",ecte Cloud (H/F) | Rabat (Maroc)                                ,11/04/2023,02/05/2023,CDI,https://www.rekrute.com/offre-emploi-architecte-cloud-hf-recrutement-cgi-technologies-et-solutions-maroc-rabat-147697.html,
"
                                    Juriste Droit", des Contrats/Compliance Officer (H/F) | Casablanca (Maroc)                                ,04/04/2023,22/05/2023,CDI,https://www.rekrute.com/offre-emploi-juriste-droit-des-contratscompliance-officer-hf-recrutement-confidentiel-casablanca-148376.html,
"
                                    Chef De Département PGC (Produit",s Grande Consommation) | Tout le Maroc (Maroc)                                ,04/04/2023,15/04/2023,CDI,https://www.rekrute.com/offre-emploi-chef-de-departement-pgc-produits-grande-consommation-recrutement-groupe-labelvie---carrefour-tout-le-maroc-147063.html,
"
                                    Bilingual it",er | Rabat (Maroc)                                ,04/04/2023,07/05/2023,CDI,https://www.rekrute.com/offre-emploi-bilingual-it-recruiter-recrutement-cnexia-rabat-147869.html,
"
                                    Technicien Exploit",ation | Casablanca (Maroc)                                ,04/04/2023,16/04/2023,CDI,https://www.rekrute.com/offre-emploi-technicien-exploitation-recrutement-orh-assessment-casablanca-147087.html,
"
                                    Consultant Amplit",ude/T24 Confirmé (H/F) | Casablanca (Maroc)                                ,03/04/2023,03/06/2023,CDI,https://www.rekrute.com/offre-emploi-consultant-amplitudet24-confirme-hf-recrutement-bcp-tech-casablanca-148517.html,
"
                                    Consultant Expérimenté Audit", des Systèmes d'Information F/H | Casablanca (Maroc)                                ,24/03/2023,10/05/2023,CDI,https://www.rekrute.com/offre-emploi-consultant-experimente-audit-des-systemes-dinformation-fh-recrutement-deloitte-extended-services-casablanca-146338.html,
"
                                    Responsable d'activit",é télévente en centre d'appel | Agadir (Maroc)                                ,24/03/2023,24/05/2023,CDI,https://www.rekrute.com/offre-emploi-responsable-dactivite-televente-en-centre-dappel-recrutement-webhelp-maroc-agadir-148470.html,
"
                                    Chef de Projet Digit",al | Casablanca (Maroc)                                ,23/03/2023,23/05/2023,Freelance,https://www.rekrute.com/offre-emploi-chef-de-projet-digital-recrutement-altados-casablanca-148453.html,
"
                                    Chargé(e) de recrutement it", | Rabat (Maroc)                                ,23/03/2023,23/05/2023,CDI,https://www.rekrute.com/offre-emploi-chargee-de-recrutement-it-recrutement-confidentiel-rabat-148451.html,
"
                                    Chargé de Mission adminit",rative | Benguerir (Maroc)                                ,22/03/2023,22/05/2023,CDI,https://www.rekrute.com/offre-emploi-charge-de-mission-adminitrative-recrutement-universite-mohammed-vi-polytechnique-benguerir-148399.html,
"
                                    AGENT DE CONTRÔLE QUALit",E | KENITRA (Maroc)                                ,20/03/2023,20/05/2023,CDI,https://www.rekrute.com/offre-emploi-agent-de-controle-qualite-recrutement-super-cerame-kenitra-148287.html,
"
                                    Consultant Expérimenté Transformation Digit",ale F/H | Casablanca (Maroc)                                ,17/03/2023,17/05/2023,CDI,https://www.rekrute.com/offre-emploi-consultant-experimente-transformation-digitale-fh-recrutement-deloitte-extended-services-casablanca-148219.html,
"
                                    Responsable Opérationnel D'activit",é - Bilingue (FR/EN) | Casablanca (Maroc)                                ,07/03/2023,07/05/2023,CDI,https://www.rekrute.com/offre-emploi-responsable-operationnel-dactivite---bilingue-fren-recrutement-majorel-casablanca-147857.html,
"
                                    Ingénieur Méthodes Composit",es H/F | casablanca (Maroc)                                ,07/03/2023,07/05/2023,CDI,https://www.rekrute.com/offre-emploi-ingenieur-methodes-composites-hf-recrutement-safran-nacelles-casablanca-147865.html,
"
                                    Responsable Comptabilit",é & Finance | Casablanca (Maroc)                                ,27/02/2023,27/04/2023,CDI,https://www.rekrute.com/offre-emploi-responsable-comptabilite-finance-recrutement-confidentiel-casablanca-147582.html,
"
                                    Spécialiste Exploit",ation & Maintenance | rabat (Maroc)                                ,27/02/2023,27/04/2023,CDI,https://www.rekrute.com/offre-emploi-specialiste-exploitation-maintenance-recrutement-confidentiel-rabat-147577.html,
"
                                    Responsable Qualit",é (F/H) | Béni Mellal (Maroc)                                ,27/02/2023,27/04/2023,CDI,https://www.rekrute.com/offre-emploi-responsable-qualite-fh-recrutement-confidentiel-beni-mellal-147554.html,
"
                                    Data Securit",y Officer | Casablanca (Maroc)                                ,24/02/2023,24/04/2023,CDI,https://www.rekrute.com/offre-emploi-data-security-officer-recrutement-xpertize-africa-casablanca-147461.html,
"
                                    Ingénieur Sécurit",é Informatique | Casablanca (Maroc)                                ,22/02/2023,22/04/2023,CDI,https://www.rekrute.com/offre-emploi-ingenieur-securite-informatique-recrutement-eca-assurances-casablanca-147365.html,
"
                                    Agent de Support Heures de Nuit", | TETOUAN (Maroc)                                ,22/02/2023,22/04/2023,CDI,https://www.rekrute.com/offre-emploi-agent-de-support-heures-de-nuit-recrutement-nostress.io-tetouan-147358.html,
"
                                    Audit",eur Junior | Casablanca (Maroc)                                ,20/02/2023,20/04/2023,CDI,https://www.rekrute.com/offre-emploi-auditeur-junior-recrutement-attijariwafa-bank-casablanca-147250.html,
"
                                    Control Archit",ect (H/F) | Casablanca (Maroc)                                ,20/02/2023,20/04/2023,CDI,https://www.rekrute.com/offre-emploi-control-architect-hf-recrutement-capgemini-engineering-casablanca-147248.html,
"
                                    Directeur Pédagogique d’Etablissement de Formation Professionnelle Direction Régionale – Rabat-Salé-Kénit",ra (H/F) | Rabat-Salé -Kénitra (Maroc)                                ,20/02/2023,20/04/2023,CDI,https://www.rekrute.com/offre-emploi-directeur-pedagogique-detablissement-de-formation-professionnelle-direction-regionale-rabat-sale-kenitra-hf-recrutement-ofppt-rabat-sale--kenitra-147230.html,
